Week,Day,Date,VisTm,HomeTm,Site,Time
-2,Fri,August 15,Tennessee Titans,Atlanta Falcons,Home,7:00 PM
-2,Fri,August 15,Kansas City Chiefs,Seattle Seahawks,Home,10:00 PM
-2,Sat,August 16,Green Bay Packer,Indianapolis Colts,Home,1:00 PM
-2,Sat,August 16,New England Patriots,Minnesota Vikings,Home,1:00 PM
-2,Sat,August 16,Miami Dolphins,Detroit Lions,Home,1:00 PM
-2,Sat,August 16,Cleveland Browns,Philadelphia Eagles,Home,1:00 PM
-2,Sat,August 16,Carolina Panthers,Houston Texans,Home,1:00 PM
-2,Sat,August 16,San Francisco 49ers,Las Vegas Raiders,Home,4:00 PM
-2,Sat,August 16,Los Angeles Chargers,Los Angeles Rams,Home,7:00 PM
-2,Sat,August 16,Tampa Bay Buccaneers,Pittsburgh Steelers,Home,7:00 PM
-2,Sat,August 16,New York Jets,New York Giants,Home,7:00 PM
-2,Sat,August 16,Baltimore Ravens,Dallas Cowboys,Home,7:00 PM
-2,Sat,August 16,Arizona Cardinals,Denver Broncos,Home,9:30 PM
-2,Sun,August 17,Jacksonville Jaguars,New Orleans Saints,Home,1:00 PM
-2,Sun,August 17,Buffalo Bills,Chicago Bears,Home,8:00 PM
-2,Mon,August 18,Cincinnati Bengals,Washington Commanders,Home,8:00 PM
1,Thu,September 4,Dallas Cowboys,Philadelphia Eagles,Home,8:20 PM
1,Fri,September 5,Kansas City Chiefs,Los Angeles Chargers,"Sao Paolo, Brazil",8:00 PM
1,Sun,September 7,Tampa Bay Buccaneers,Atlanta Falcons,Home,1:00 PM
1,Sun,September 7,Cincinnati Bengals,Cleveland Browns,Home,1:00 PM
1,Sun,September 7,Miami Dolphins,Indianapolis Colts,Home,1:00 PM
1,Sun,September 7,Carolina Panthers,Jacksonville Jaguars,Home,1:00 PM
1,Sun,September 7,Arizona Cardinals,New Orleans Saints,Home,1:00 PM
1,Sun,September 7,Las Vegas Raiders,New England Patriots,Home,1:00 PM
1,Sun,September 7,Pittsburgh Steelers,New York Jets,Home,1:00 PM
1,Sun,September 7,New York Giants,Washington Commanders,Home,1:00 PM
1,Sun,September 7,Tennessee Titans,Denver Broncos,Home,4:05 PM
1,Sun,September 7,San Francisco 49ers,Seattle Seahawks,Home,4:05 PM
1,Sun,September 7,Detroit Lions,Green Bay Packers,Home,4:25 PM
1,Sun,September 7,Houston Texans,Los Angeles Rams,Home,4:25 PM
1,Sun,September 7,Baltimore Ravens,Buffalo Bills,Home,8:20 PM
1,Mon,September 8,Minnesota Vikings,Chicago Bears,Home,8:15 PM
2,Thu,September 11,Washington Commanders,Green Bay Packers,Home,8:15 PM
2,Sun,September 14,Jacksonville Jaguars,Cincinnati Bengals,Home,1:00 PM
2,Sun,September 14,New York Giants,Dallas Cowboys,Home,1:00 PM
2,Sun,September 14,Chicago Bears,Detroit Lions,Home,1:00 PM
2,Sun,September 14,New England Patriots,Miami Dolphins,Home,1:00 PM
2,Sun,September 14,San Francisco 49ers,New Orleans Saints,Home,1:00 PM
2,Sun,September 14,Buffalo Bills,New York Jets,Home,1:00 PM
2,Sun,September 14,Los Angeles Rams,Tennessee Titans,Home,1:00 PM
2,Sun,September 14,Seattle Seahawks,Pittsburgh Steelers,Home,1:00 PM
2,Sun,September 14,Cleveland Browns,Baltimore Ravens,Home,1:00 PM
2,Sun,September 14,Denver Broncos,Indianapolis Colts,Home,4:05 PM
2,Sun,September 14,Carolina Panthers,Arizona Cardinals,Home,4:05 PM
2,Sun,September 14,Philadelphia Eagles,Kansas City Chiefs,Home,4:25 PM
2,Sun,September 14,Atlanta Falcons,Minnesota Vikings,Home,8:20 PM
2,Mon,September 15,Tampa Bay Buccaneers,Houston Texans,Home,7:00 PM
2,Mon,September 15,Los Angeles Chargers,Las Vegas Raiders,Home,10:00 PM
3,Thu,September 18,Miami Dolphins,Buffalo Bills,Home,8:15 PM
3,Sun,September 21,Atlanta Falcons,Carolina Panthers,Home,1:00 PM
3,Sun,September 21,Green Bay Packers,Cleveland Browns,Home,1:00 PM
3,Sun,September 21,Houston Texans,Jacksonville Jaguars,Home,1:00 PM
3,Sun,September 21,Cincinnati Bengals,Minnesota Vikings,Home,1:00 PM
3,Sun,September 21,Pittsburgh Steelers,New England Patriots,Home,1:00 PM
3,Sun,September 21,Indianapolis Colts,Tennessee Titans,Home,1:00 PM
3,Sun,September 21,Los Angeles Rams,Philadelphia Eagles,Home,1:00 PM
3,Sun,September 21,New York Jets,Tampa Bay Buccaneers,Home,1:00 PM
3,Sun,September 21,Las Vegas Raiders,Washington Commanders,Home,1:00 PM
3,Sun,September 21,Denver Broncos,Los Angeles Chargers,Home,4:05 PM
3,Sun,September 21,New Orleans Saints,Seattle Seahawks,Home,4:05 PM
3,Sun,September 21,Dallas Cowboys,Chicago Bears,Home,4:25 PM
3,Sun,September 21,Arizona Cardinals,San Francisco 49ers,Home,4:25 PM
3,Sun,September 21,Kansas City Chiefs,New York Giants,Home,8:20 PM
3,Mon,September 22,Detroit Lions,Baltimore Ravens,Home,8:15 PM
4,Thu,September 25,Seattle Seahawks,Arizona Cardinals,Home,8:15 PM
4,Sun,September 28,Minnesota Vikings,Pittsburgh Steelers,"Dublin, Ireland",9:30 AM
4,Sun,September 28,Washington Commanders,Atlanta Falcons,Home,1:00 PM
4,Sun,September 28,New Orleans Saints,Buffalo Bills,Home,1:00 PM
4,Sun,September 28,Cleveland Browns,Detroit Lions,Home,1:00 PM
4,Sun,September 28,Tennessee Titans,Houston Texans,Home,1:00 PM
4,Sun,September 28,Carolina Panthers,New England Patriots,Home,1:00 PM
4,Sun,September 28,Los Angeles Chargers,New York Giants,Home,1:00 PM
4,Sun,September 28,Philadelphia Eagles,Tampa Bay Buccaneers,Home,1:00 PM
4,Sun,September 28,Indianapolis Colts,Los Angeles Rams,Home,4:05 PM
4,Sun,September 28,Jacksonville Jaguars,San Francisco 49ers,Home,4:05 PM
4,Sun,September 28,Baltimore Ravens,Kansas City Chiefs,Home,4:25 PM
4,Sun,September 28,Chicago Bears,Las Vegas Raiders,Home,4:25 PM
4,Sun,September 28,Green Bay Packers,Dallas Cowboys,Home,8:20 PM
4,Mon,September 29,New York Jets,Miami Dolphins,Home,7:15 PM
4,Mon,September 29,Cincinnati Bengals,Denver Broncos,Home,8:15 PM
5,Thu,October 2,San Francisco 49ers,Los Angeles Rams,Home,8:15 PM
5,Sun,October 5,Minnesota Vikings,Cleveland Browns,"London, England",9:30 AM
5,Sun,October 5,Miami Dolphins,Carolina Panthers,Home,1:00 PM
5,Sun,October 5,Las Vegas Raiders,Indianapolis Colts,Home,1:00 PM
5,Sun,October 5,New York Giants,New Orleans Saints,Home,1:00 PM
5,Sun,October 5,Dallas Cowboys,New York Jets,Home,1:00 PM
5,Sun,October 5,Denver Broncos,Philadelphia Eagles,Home,1:00 PM
5,Sun,October 5,Houston Texans,Baltimore Ravens,Home,1:00 PM
5,Sun,October 5,Tennessee Titans,Arizona Cardinals,Home,4:05 PM
5,Sun,October 5,Tampa Bay Buccaneers,Seattle Seahawks,Home,4:05 PM
5,Sun,October 5,Detroit Lions,Cincinnati Bengals,Home,4:25 PM
5,Sun,October 5,Washington Commanders,Los Angeles Chargers,Home,4:25 PM
5,Sun,October 5,New England Patriots,Buffalo Bills,Home,8:20 PM
5,Mon,October 6,Kansas City Chiefs,Jacksonville Jaguars,Home,8:15 PM
6,Thu,October 9,Philadelphia Eagles,New York Giants,Home,8:15 PM
6,Sun,October 12,Denver Broncos,New York Jets,"London, England",9:30 AM
6,Sun,October 12,Dallas Cowboys,Carolina Panthers,Home,1:00 PM
6,Sun,October 12,Arizona Cardinals,Indianapolis Colts,Home,1:00 PM
6,Sun,October 12,Seattle Seahawks,Jacksonville Jaguars,Home,1:00 PM
6,Sun,October 12,Los Angeles Chargers,Miami Dolphins,Home,1:00 PM
6,Sun,October 12,Cleveland Browns,Pittsburgh Steelers,Home,1:00 PM
6,Sun,October 12,Los Angeles Rams,Baltimore Ravens,Home,1:00 PM
6,Sun,October 12,San Francisco 49ers,Tampa Bay Buccaneers,Home,1:00 PM
6,Sun,October 12,Tennessee Titans,Las Vegas Raiders,Home,4:05 PM
6,Sun,October 12,Cincinnati Bengals,Green Bay Packers,Home,4:25 PM
6,Sun,October 12,New England Patriots,New Orleans Saints,Home,4:25 PM
6,Sun,October 12,Detroit Lions,Kansas City Chiefs,Home,8:20 PM
6,Mon,October 13,Buffalo Bills,Atlanta Falcons,Home,7:15 PM
6,Mon,October 13,Chicago Bears,Washington Commanders,Home,8:15 PM
7,Thu,October 16,Pittsburgh Steelers,Cincinnati Bengals,Home,8:15 PM
7,Sun,October 19,Los Angeles Rams,Jacksonville Jaguars,"London, England",9:30 AM
7,Sun,October 19,New Orleans Saints,Chicago Bears,Home,1:00 PM
7,Sun,October 19,Miami Dolphins,Cleveland Browns,Home,1:00 PM
7,Sun,October 19,Las Vegas Raiders,Kansas City Chiefs,Home,1:00 PM
7,Sun,October 19,Philadelphia Eagles,Minnesota Vikings,Home,1:00 PM
7,Sun,October 19,Carolina Panthers,New York Jets,Home,1:00 PM
7,Sun,October 19,New England Patriots,Tennessee Titans,Home,1:00 PM
7,Sun,October 19,New York Giants,Denver Broncos,Home,4:05 PM
7,Sun,October 19,Indianapolis Colts,Los Angeles Chargers,Home,4:05 PM
7,Sun,October 19,Green Bay Packers,Arizona Cardinals,Home,4:25 PM
7,Sun,October 19,Washington Commanders,Dallas Cowboys,Home,4:25 PM
7,Sun,October 19,Atlanta Falcons,San Francisco 49ers,Home,8:20 PM
7,Mon,October 20,Tampa Bay Buccaneers,Detroit Lions,Home,7:00 PM
7,Mon,October 20,Houston Texans,Seattle Seahawks,Home,10:00 PM
8,Thu,October 23,Minnesota Vikings,Los Angeles Chargers,Home,8:15 PM
8,Sun,October 26,Miami Dolphins,Atlanta Falcons,Home,1:00 PM
8,Sun,October 26,Buffalo Bills,Carolina Panthers,Home,1:00 PM
8,Sun,October 26,New York Jets,Cincinnati Bengals,Home,1:00 PM
8,Sun,October 26,San Francisco 49ers,Houston Texans,Home,1:00 PM
8,Sun,October 26,Cleveland Browns,New England Patriots,Home,1:00 PM
8,Sun,October 26,New York Giants,Philadelphia Eagles,Home,1:00 PM
8,Sun,October 26,Chicago Bears,Baltimore Ravens,Home,1:00 PM
8,Sun,October 26,Tampa Bay Buccaneers,New Orleans Saints,Home,4:05 PM
8,Sun,October 26,Tennessee Titans,Indianapolis Colts,Home,4:25 PM
8,Sun,October 26,Dallas Cowboys,Denver Broncos,Home,4:25 PM
8,Sun,October 26,Green Bay Packers,Pittsburgh Steelers,Home,8:20 PM
8,Mon,October 27,Washington Commanders,Kansas City Chiefs,Home,8:15 PM
9,Thu,October 30,Baltimore Ravens,Miami Dolphins,Home,8:15 PM
9,Sun,November 2,Chicago Bears,Cincinnati Bengals,Home,1:00 PM
9,Sun,November 2,Minnesota Vikings,Detroit Lions,Home,1:00 PM
9,Sun,November 2,Carolina Panthers,Green Bay Packers,Home,1:00 PM
9,Sun,November 2,Denver Broncos,Houston Texans,Home,1:00 PM
9,Sun,November 2,Atlanta Falcons,New England Patriots,Home,1:00 PM
9,Sun,November 2,San Francisco 49ers,New York Giants,Home,1:00 PM
9,Sun,November 2,Los Angeles Chargers,Tennessee Titans,Home,1:00 PM
9,Sun,November 2,Indianapolis Colts,Pittsburgh Steelers,Home,1:00 PM
9,Sun,November 2,Jacksonville Jaguars,Las Vegas Raiders,Home,4:05 PM
9,Sun,November 2,New Orleans Saints,Los Angeles Rams,Home,4:05 PM
9,Sun,November 2,Kansas City Chiefs,Buffalo Bills,Home,4:25 PM
9,Sun,November 2,Seattle Seahawks,Washington Commanders,Home,8:20 PM
9,Mon,November 3,Arizona Cardinals,Dallas Cowboys,Home,8:15 PM
10,Thu,November 6,Las Vegas Raiders,Denver Broncos,Home,8:15 PM
10,Sun,November 9,Atlanta Falcons,Indianapolis Colts,"Berlin, Germany",9:30 AM
10,Sun,November 9,New Orleans Saints,Carolina Panthers,Home,1:00 PM
10,Sun,November 9,New York Giants,Chicago Bears,Home,1:00 PM
10,Sun,November 9,Jacksonville Jaguars,Houston Texans,Home,1:00 PM
10,Sun,November 9,Buffalo Bills,Miami Dolphins,Home,1:00 PM
10,Sun,November 9,Baltimore Ravens,Minnesota Vikings,Home,1:00 PM
10,Sun,November 9,Cleveland Browns,New York Jets,Home,1:00 PM
10,Sun,November 9,New England Patriots,Tampa Bay Buccaneers,Home,1:00 PM
10,Sun,November 9,Arizona Cardinals,Seattle Seahawks,Home,4:05 PM
10,Sun,November 9,Los Angeles Rams,San Francisco 49ers,Home,4:25 PM
10,Sun,November 9,Detroit Lions,Washington Commanders,Home,4:25 PM
10,Sun,November 9,Pittsburgh Steelers,Los Angeles Chargers,Home,8:20 PM
10,Mon,November 10,Philadelphia Eagles,Green Bay Packers,Home,8:15 PM
11,Thu,November 13,New York Jets,New England Patriots,Home,8:15 PM
11,Sun,November 16,Washington Commanders,Miami Dolphins,"Madrid, Spain",9:30 AM
11,Sun,November 16,Carolina Panthers,Atlanta Falcons,Home,1:00 PM
11,Sun,November 16,Tampa Bay Buccaneers,Buffalo Bills,Home,1:00 PM
11,Sun,November 16,Los Angeles Chargers,Jacksonville Jaguars,Home,1:00 PM
11,Sun,November 16,Chicago Bears,Minnesota Vikings,Home,1:00 PM
11,Sun,November 16,Green Bay Packers,New York Giants,Home,1:00 PM
11,Sun,November 16,Houston Texans,Tennessee Titans,Home,1:00 PM
11,Sun,November 16,Cincinnati Bengals,Pittsburgh Steelers,Home,1:00 PM
11,Sun,November 16,San Francisco 49ers,Arizona Cardinals,Home,4:05 PM
11,Sun,November 16,Seattle Seahawks,Los Angeles Rams,Home,4:05 PM
11,Sun,November 16,Baltimore Ravens,Cleveland Browns,Home,4:25 PM
11,Sun,November 16,Kansas City Chiefs,Denver Broncos,Home,4:25 PM
11,Sun,November 16,Detroit Lions,Philadelphia Eagles,Home,8:20 PM
11,Mon,November 17,Dallas Cowboys,Las Vegas Raiders,Home,8:15 PM
12,Thu,November 20,Buffalo Bills,Houston Texans,Home,8:15 PM
12,Sun,November 23,Pittsburgh Steelers,Chicago Bears,Home,1:00 PM
12,Sun,November 23,New England Patriots,Cincinnati Bengals,Home,1:00 PM
12,Sun,November 23,New York Giants,Detroit Lions,Home,1:00 PM
12,Sun,November 23,Minnesota Vikings,Green Bay Packers,Home,1:00 PM
12,Sun,November 23,Indianapolis Colts,Kansas City Chiefs,Home,1:00 PM
12,Sun,November 23,Seattle Seahawks,Tennessee Titans,Home,1:00 PM
12,Sun,November 23,New York Jets,Baltimore Ravens,Home,1:00 PM
12,Sun,November 23,Jacksonville Jaguars,Arizona Cardinals,Home,4:05 PM
12,Sun,November 23,Cleveland Browns,Las Vegas Raiders,Home,4:05 PM
12,Sun,November 23,Philadelphia Eagles,Dallas Cowboys,Home,4:25 PM
12,Sun,November 23,Atlanta Falcons,New Orleans Saints,Home,4:25 PM
12,Sun,November 23,Tampa Bay Buccaneers,Los Angeles Rams,Home,8:20 PM
12,Mon,November 24,Carolina Panthers,San Francisco 49ers,Home,8:15 PM
13,Thu,November 27,Green Bay Packers,Detroit Lions,Home,1:00 PM
13,Thu,November 27,Kansas City Chiefs,Dallas Cowboys,Home,4:30 PM
13,Thu,November 27,Cincinnati Bengals,Baltimore Ravens,Home,8:20 PM
13,Fri,November 28,Chicago Bears,Philadelphia Eagles,Home,3:00 PM
13,Sun,November 30,Los Angeles Rams,Carolina Panthers,Home,1:00 PM
13,Sun,November 30,San Francisco 49ers,Cleveland Browns,Home,1:00 PM
13,Sun,November 30,Houston Texans,Indianapolis Colts,Home,1:00 PM
13,Sun,November 30,New Orleans Saints,Miami Dolphins,Home,1:00 PM
13,Sun,November 30,Atlanta Falcons,New York Jets,Home,1:00 PM
13,Sun,November 30,Jacksonville Jaguars,Tennessee Titans,Home,1:00 PM
13,Sun,November 30,Arizona Cardinals,Tampa Bay Buccaneers,Home,1:00 PM
13,Sun,November 30,Minnesota Vikings,Seattle Seahawks,Home,4:05 PM
13,Sun,November 30,Buffalo Bills,Pittsburgh Steelers,Home,4:25 PM
13,Sun,November 30,Las Vegas Raiders,Los Angeles Chargers,Home,4:25 PM
13,Sun,November 30,Denver Broncos,Washington Commanders,Home,8:20 PM
13,Mon,December 1,New York Giants,New England Patriots,Home,8:15 PM
14,Thu,December 4,Dallas Cowboys,Detroit Lions,Home,8:15 PM
14,Sun,December 7,Seattle Seahawks,Atlanta Falcons,Home,1:00 PM
14,Sun,December 7,Tennessee Titans,Cleveland Browns,Home,1:00 PM
14,Sun,December 7,Chicago Bears,Green Bay Packers,Home,1:00 PM
14,Sun,December 7,Indianapolis Colts,Jacksonville Jaguars,Home,1:00 PM
14,Sun,December 7,Washington Commanders,Minnesota Vikings,Home,1:00 PM
14,Sun,December 7,Miami Dolphins,New York Jets,Home,1:00 PM
14,Sun,December 7,Pittsburgh Steelers,Baltimore Ravens,Home,1:00 PM
14,Sun,December 7,New Orleans Saints,Tampa Bay Buccaneers,Home,1:00 PM
14,Sun,December 7,Denver Broncos,Las Vegas Raiders,Home,4:05 PM
14,Sun,December 7,Cincinnati Bengals,Buffalo Bills,Home,4:25 PM
14,Sun,December 7,Los Angeles Rams,Arizona Cardinals,Home,4:25 PM
14,Sun,December 7,Houston Texans,Kansas City Chiefs,Home,8:20 PM
14,Mon,December 8,Philadelphia Eagles,Los Angeles Chargers,Home,8:15 PM
15,Thu,December 11,Atlanta Falcons,Tampa Bay Buccaneers,Home,8:15 PM
15,Sun,December 14,Cleveland Browns,Chicago Bears,Home,1:00 PM
15,Sun,December 14,Baltimore Ravens,Cincinnati Bengals,Home,1:00 PM
15,Sun,December 14,Arizona Cardinals,Houston Texans,Home,1:00 PM
15,Sun,December 14,New York Jets,Jacksonville Jaguars,Home,1:00 PM
15,Sun,December 14,Los Angeles Chargers,Kansas City Chiefs,Home,1:00 PM
15,Sun,December 14,Buffalo Bills,New England Patriots,Home,1:00 PM
15,Sun,December 14,Washington Commanders,New York Giants,Home,1:00 PM
15,Sun,December 14,Las Vegas Raiders,Philadelphia Eagles,Home,1:00 PM
15,Sun,December 14,Green Bay Packers,Denver Broncos,Home,4:25 PM
15,Sun,December 14,Carolina Panthers,New Orleans Saints,Home,4:25 PM
15,Sun,December 14,Detroit Lions,Los Angeles Rams,Home,4:25 PM
15,Sun,December 14,Indianapolis Colts,Seattle Seahawks,Home,4:25 PM
15,Sun,December 14,Tennessee Titans,San Francisco 49ers,Home,4:25 PM
15,Sun,December 14,Minnesota Vikings,Dallas Cowboys,Home,8:20 PM
15,Mon,December 15,Miami Dolphins,Pittsburgh Steelers,Home,8:15 PM
16,Thu,December 18,Los Angeles Rams,Seattle Seahawks,Home,8:15 PM
16,Sat,December 20,Green Bay Packers,Chicago Bears,Home,1:00 PM
16,Sat,December 20,Philadelphia Eagles,Washington Commanders,Home,1:00 PM
16,Sun,December 21,Tampa Bay Buccaneers,Carolina Panthers,Home,1:00 PM
16,Sun,December 21,Buffalo Bills,Cleveland Browns,Home,1:00 PM
16,Sun,December 21,Los Angeles Chargers,Dallas Cowboys,Home,1:00 PM
16,Sun,December 21,New York Jets,New Orleans Saints,Home,1:00 PM
16,Sun,December 21,Minnesota Vikings,New York Giants,Home,1:00 PM
16,Sun,December 21,Kansas City Chiefs,Tennessee Titans,Home,1:00 PM
16,Sun,December 21,New England Patriots,Baltimore Ravens,Home,1:00 PM
16,Sun,December 21,Atlanta Falcons,Arizona Cardinals,Home,4:05 PM
16,Sun,December 21,Jacksonville Jaguars,Denver Broncos,Home,4:05 PM
16,Sun,December 21,Pittsburgh Steelers,Detroit Lions,Home,4:25 PM
16,Sun,December 21,Las Vegas Raiders,Houston Texans,Home,4:25 PM
16,Sun,December 21,Cincinnati Bengals,Miami Dolphins,Home,8:20 PM
16,Mon,December 22,San Francisco 49ers,Indianapolis Colts,Home,8:15 PM
17,Thu,December 25,Dallas Cowboys,Washington Commanders,Home,1:00 PM
17,Thu,December 25,Detroit Lions,Minnesota Vikings,Home,4:30 PM
17,Thu,December 25,Denver Broncos,Kansas City Chiefs,Home,8:15 PM
17,Sun,December 28,Seattle Seahawks,Carolina Panthers,Home,1:00 PM
17,Sun,December 28,Arizona Cardinals,Cincinnati Bengals,Home,1:00 PM
17,Sun,December 28,Pittsburgh Steelers,Cleveland Browns,Home,1:00 PM
17,Sun,December 28,Jacksonville Jaguars,Indianapolis Colts,Home,1:00 PM
17,Sun,December 28,Baltimore Ravens,Green Bay Packers,Home,1:00 PM
17,Sun,December 28,Tampa Bay Buccaneers,Miami Dolphins,Home,1:00 PM
17,Sun,December 28,New England Patriots,New York Jets,Home,1:00 PM
17,Sun,December 28,New Orleans Saints,Tennessee Titans,Home,1:00 PM
17,Sun,December 28,New York Giants,Las Vegas Raiders,Home,1:00 PM
17,Sun,December 28,Houston Texans,Los Angeles Chargers,Home,1:00 PM
17,Sun,December 28,Philadelphia Eagles,Buffalo Bills,Home,4:25 PM
17,Sun,December 28,Chicago Bears,San Francisco 49ers,Home,8:20 PM
17,Mon,December 29,Los Angeles Rams,Atlanta Falcons,Home,8:15 PM
18,Sun,January 4,New Orleans Saints,Atlanta Falcons,Home,1:00 PM
18,Sun,January 4,New York Jets,Buffalo Bills,Home,1:00 PM
18,Sun,January 4,Detroit Lions,Chicago Bears,Home,1:00 PM
18,Sun,January 4,Cleveland Browns,Cincinnati Bengals,Home,1:00 PM
18,Sun,January 4,Los Angeles Chargers,Denver Broncos,Home,1:00 PM
18,Sun,January 4,Indianapolis Colts,Houston Texans,Home,1:00 PM
18,Sun,January 4,Tennessee Titans,Jacksonville Jaguars,Home,1:00 PM
18,Sun,January 4,Green Bay Packers,Minnesota Vikings,Home,1:00 PM
18,Sun,January 4,Miami Dolphins,New England Patriots,Home,1:00 PM
18,Sun,January 4,Dallas Cowboys,New York Giants,Home,1:00 PM
18,Sun,January 4,Washington Commanders,Philadelphia Eagles,Home,1:00 PM
18,Sun,January 4,Baltimore Ravens,Pittsburgh Steelers,Home,1:00 PM
18,Sun,January 4,Kansas City Chiefs,Las Vegas Raiders,Home,1:00 PM
18,Sun,January 4,Arizona Cardinals,Los Angeles Rams,Home,1:00 PM
18,Sun,January 4,Seattle Seahawks,San Francisco 49ers,Home,1:00 PM
18,Sun,January 4,Carolina Panthers,Tampa Bay Buccaneers,Home,1:00 PM